question,answer,topic,class_level
"Sir, biodiversity ke bare mein batayein, yeh kya hota hai?","Biodiversity ka matlab hai kisi ek jagah par paye jaane wale sabhi jeev-jantu, paudhe, aur micro-organisms ki vividhata. Yeh humari prithvi ki sahajeevi vividhata ko darshata hai.",Biology,12
"Ma'am, plate tectonics kya hai?","Plate tectonics ek theory hai jo earth ke crust ke movement ko explain karti hai. Iske anusar, earth ka crust kai chhote-chhote tukdon mein divided hai jo lagatar move karte hain.",Geography,11
"Sir, acid rain ke kaaran kya hain?","Acid rain ke mukhya kaaran hain industrial pollution, vehicular pollution, aur human activities jo sulphur dioxide aur nitrogen oxides ko release karte hain. Yeh gases vaayumandal mein milke acid banate hain jo baad mein acid rain ke roop mein girte hain.",Environmental Science,10
"Ma'am, great barrier reef kahaan hai?","Great Barrier Reef duniya ka sabse bada coral reef system hai, jo Australia ke purvi tatt par sthit hai. Yeh lagbhag 2,300 kilometer lamba hai aur ismein kai saare coral, fish, aur anya samudri jeev-jantu paaye jaate hain.",Geography,9
"Sir, gravitational force kya hoti hai?","Gravitational force do vastuon ke beech ki akarshan shakti hai, jo unke dravyaman aur doori par nirbhar karti hai. Yeh force humein zameen par rakhti hai aur humein gurbhe ki tarah girne se rokti hai.",Physics,11
"Ma'am, red data book kya hai?","Red Data Book ek suchi hai jo endangered prajatiyon ki jaankari pradaan karti hai. Ismein un prajatiyon ka varnan hota hai jo apni sanrakshan sthiti ke kaaran vibhinn shreniyon mein aati hain, jaise ki critically endangered, endangered, ya vulnerable.",Biology,12
"Sir, what is the difference between a hurricane and a cyclone?","Hurricane aur cyclone dono hee tropical cyclones hain, lekin inka antar sirf is baat mein hai ki inhein kis naam se jaana jaata hai. Hurricane purvi Pacific aur Atlantic mahasagaron mein paaye jaate hain, jabki cyclone hind mahasagar aur paschim Pacific mein paaye jaate hain.",Geography,10
"Ma'am, water scarcity kya hai?","Water scarcity ka matlab hai paani ki kami, jo ki kayi kaarnon se ho sakti hai jaise ki paani ki kami, paani ki ashuddhata, ya paani ki asamanta. Iske kaaran logon ko paani ki kami ka saamna karna padta hai, jo unki swasthya aur jeevan-shaili par asar dalta hai.",Environmental Science,9
"Sir, photosynthesis kya hai?","Photosynthesis ek prakriya hai jismein paudhe surya ki roshni, carbon dioxide, aur paani ka upyog karke glucose aur oxygen banate hain. Yeh prakriya paudhon ko unke aahar ki aavashyakta ko poora karti hai aur saath hee oxygen bhi utpann karti hai jo jeevan ke liye aavashyak hai.",Biology,11
"Ma'am, ozone layer kya hai?",Ozone layer vaayumandal ka ek hissa hai jo ozone gas se bana hota hai. Yeh layer surya ki hanikarak ultraviolet radiation ko absorb karti hai aur humein iske nuksaan se bachati hai.,Environmental Science,10
"Sir, what is the difference between a meteor and a meteorite?","Meteor ek chhota patthar hota hai jo antariksh se zameen par girta hai, jabki meteorite wahi patthar hai jo zameen par pahunchne ke baad bhi apni sanrachna ko banaye rakhta hai. Meteors ko aksar shooting stars ke roop mein dekha jaata hai.",Physics,12
"Ma'am, deforestation kya hai?","Deforestation ka matlab hai vanon ki katai, jo ki kayi kaarnon se ho sakti hai jaise ki krishi, vikas, ya logon ki aavashyaktaon ko poora karne ke liye. Iske kaaran vaatavaran par hanikarak asar padta hai, jaise ki jalvayu parivartan, mitti erosion, aur jeev-jantuon ki hasti ko khatra.",Environmental Science,9
"Sir, earthquake kya hota hai?","Earthquake ek prakar ki bhukamp hoti hai, jo ki earth ke andar ki gatividhi ke kaaran hoti hai. Ismein earth ke andar ki plates ka movement hota hai, jo ki vaayumandal mein tarangon ko utpann karta hai aur zameen ko hilata hai.",Geography,10
"Ma'am, what is the water cycle?","Water cycle ek prakriya hai jismein paani vaayumandal, zameen, aur samudra ke beech chalta rehta hai. Ismein paani ki vaashpikaran, sanchayan, aur punaravapti shamil hoti hai, jo ki prithvi par jeevan ko banaye rakhti hai.",Geography,9
"Sir, volcanic eruption kya hai?","Volcanic eruption ek prakriya hai jismein jwalamukhi se lava, gas, aur raakh nikalti hai. Ismein jwalamukhi ke andar ki gatividhi ke kaaran dabav badhta hai, jo ki vishal visphoton ka kaaran ban sakta hai.",Geography,11
"Ma'am, tsunamis kya hain?","Tsunamis samudra mein utpann hone wali vishal tarangen hain, jo ki jameen ke neeche ki ghatnaon ke kaaran hoti hain. Ismein paani ka star tezi se badhta hai, jo ki tatt ke kinare par hanikarak asar dalta hai.",Geography,10
"Sir, what is the difference between a producer and a consumer?","Producer wahi jeev hote hain jo apna khana khud banate hain, jaise ki paudhe. Consumer wahi jeev hote hain jo doosron ke banaye hue khane ko khaate hain, jaise ki janwar.",Biology,9
"Ma'am, soil erosion kya hai?","Soil erosion mitti ki hanikarak ghatna hai, jismein mitti ki upari parat alag ho jati hai. Iske kaaran mitti ki upajaukta kam ho sakti hai, jo ki krishi utpadakta ko prabhavit karta hai.",Geography,10
"Sir, greenhouse effect kya hai?","Greenhouse effect ek prakriya hai jismein vaayumandal mein upasthit gas jalvayu ko garam rakhte hain. Ismein carbon dioxide, methane, aur anya gas shamil hote hain, jo ki surya ki roshni ko absorb karke jalvayu ko garam banate hain.",Environmental Science,11
"Ma'am, what is the importance of conservation of forest?","Van sanrakshan ki mahatvapurnata iss liye hai ki yeh humein oxygen, jal, aur mitti ki upajaukta pradaan karte hain. Iske alawa, van sanrakshan se jalvayu parivartan ko rokne mein madad milti hai aur jeev-jantuon ki hasti ko bachaya ja sakta hai.",Environmental Science,10
"Sir, kinetic energy ka formula kya hai aur iska practical use kya hai?","Kinetic energy ka formula 0.5 * m * v^2 hai, jismein m massa aur v velocity hoti hai. Iska practical use hum vehicles mein dekhte hain, jahan kinetic energy ko mechanical energy mein convert kiya jata hai.",Physics,11
"Ma'am, human body mein circulatory system kaise kaam karta hai?","Human body mein circulatory system dil, blood vessels, aur blood ke saath milkar kaam karta hai. Yah oxygen aur nutrients ko puray sharir mein pahunchata hai aur carbon dioxide aur waste products ko remove karta hai.",Biology,10
"Sir, biodiversity hotspot kya hota hai aur Bharat mein kitne biodiversity hotspots hain?","Biodiversity hotspot ek aisa region hota hai jahan bahut si prajatiyan paayi jaati hain. Bharat mein 4 biodiversity hotspots hain, jo ki Himalaya, Western Ghats, Indo-Burma, aur Sundaland hain.",Biology,12
"Ma'am, plate tectonics theory kya kehti hai?","Plate tectonics theory kehta hai ki Prithvi ki satah par chhote-chhote plate hote hain jo lagatar ghumte rehte hain. Ye plate Apna sthan badalte rehte hain, jisse bhookamp, jwalamukhi, aur pahaad banate hain.",Geography,11
"Sir, photosynthesis ki prakriya kya hai?","Photosynthesis ek aisi prakriya hai jismein paudhe surya ki roshni, carbon dioxide, aur paani ka upyog karke glucose aur oxygen banate hain. Yah prakriya paudhon ke patron mein hoti hai.",Biology,10
"Ma'am, National Park kya hota hai aur Bharat mein kitne National Park hain?","National Park ek sarkari surakshit kshetra hota hai jahan vanaspati aur jeev-jantuon ko suraksha pradaan ki jaati hai. Bharat mein 106 National Park hain, jo ki desh ke vibhinn bhagyon mein failen hain.",Geography,12
"Sir, Newton ke gati ke teen niyam kya hain?","Newton ke gati ke teen niyam hain: pehla niyam inertia ka niyam hai, doosra niyam force aur acceleration ka niyam hai, aur teesra niyam kriya-pratikriya ka niyam hai. Ye niyam gati ko samjhane mein madad karte hain.",Physics,11
"Ma'am, ecosystem kya hota hai aur iske kitne prakaar hote hain?","Ecosystem ek aisa system hota hai jismein jeev-jantu, vanaspati, aur abhaavik tatva apas mein pratikriya karte hain. Ecosystem ke teen prakaar hote hain: jal ecosystem, thal ecosystem, aur van ecosystem.",Biology,12
"Sir, chemical bonding kya hota hai?",Chemical bonding ek aisi prakriya hai jismein do ya do se adhik parmanu apne electron ke adan-pradan se judte hain. Issey molecule banta hai.,Chemistry,11
"Ma'am, cell membrane kya hoti hai aur iske kya kaarya hain?","Cell membrane ek patli parat hoti hai jo cell ko ghernati hai. Iske kaarya hain cell ke andar ke padarthon ko surakshit rakhna, cell mein aavashyak padarthon ko pravaesh karana, aur cell se anavashyak padarthon ko bahar nikaalna.",Biology,10
"Sir, mitosis ki prakriya kya hai?",Mitosis ek aisi prakriya hai jismein cell do barabari ke cellon mein vibhajit hota hai. Issey cell ki sanrachna aur kary same rehte hain.,Biology,11
"Ma'am, human body mein digestive system kaise kaam karta hai?","Human body mein digestive system mouth, esophagus, stomach, small intestine, aur large intestine ke saath milkar kaam karta hai. Yah bhojan ko pachata hai aur uske poshak tatvon ko absorb karta hai.",Biology,10
"Sir, periodic table kya hota hai?",Periodic table ek aisi table hoti hai jismein sabhi chemical elements ko unke atomic number aur atomic mass ke anusaar vyavasthit kiya jata hai. Issey elements ke gunon ko samjhana aur unke sambandhon ko samjhana aasan hota hai.,Chemistry,12
"Ma'am, natural resources kya hain aur inka mahatva kya hai?","Natural resources prakriti dwara pradaan kiye gaye padarth hain, jaise ki jal, hawa, mitti, khane, aur khoj. Inka mahatva hai ki ve humari aavashyakataon ko poora karte hain aur humari jeevan shaili ko banaye rakhte hain.",Geography,10
"Sir, electricity ka adhar kya hai?","Electricity ka adhar electron ke pravaah mein hota hai. Jab electron ek conductor se guzarte hain, to ve electricity utpann karte hain.",Physics,12
"Ma'am, water cycle kya hota hai?","Water cycle ek aisi prakriya hai jismein paani vaayumandal se Prithvi par aata hai aur phir se vaayumandal mein wapas chala jata hai. Ismein vaashpikaran, sanchayan, aur varsha shaamil hai.",Geography,11
"Sir, sound wave kya hoti hai?",Sound wave ek aisi tarang hoti hai jo hawa ya anya madhyam se guzarti hai. Yah tarang kanon ko prabhavit karti hai aur humein dhvani sunaati hai.,Physics,12
"Ma'am, mineral kya hota hai?",Mineral ek aisi vastu hoti hai jo prakriti mein paayi jaati hai aur jiske gunon ko hum upyog mein laate hain. Mineral ki aavashyakata humari jeevan shaili ko banaye rakhne ke liye hoti hai.,Geography,10
"Sir, ecosystem services kya hote hain?","Ecosystem services wah laabh hain jo humein prakriti se milte hain, jaise ki oxygen, bhojan, paani, aur aashray. Ye laabh humari jeevan shaili ko banaye rakhte hain.",Biology,12
"Ma'am, genetic engineering kya hota hai?","Genetic engineering ek aisi vidhi hoti hai jismein hum jeevon ke gene ko badalte hain taaki ve humari aavashyakataon ko poora kar sakein. Iska upyog kheti, dawa, aur anya kshetron mein kiya jata hai.",Biology,12
"Sir, plate tectonics kya hai aur iske kya mahatvapurn parinaam hain?","Plate tectonics prithvi ki satah par chaliye plateno ki gatividhi ko darshata hai, jiske kaaran bhukamp, jwalamukhi visphoton aur pahadon ki rachna hoti hai.",Geography,9
"Ma'am, DNA replication kaise hoti hai?","DNA replication mein DNA molecule ki do tarah ki strandon ki pratyaksh nirkaran hoti hai, jismein purani strand naye DNA molecule ki nirmaan mein madad karti hai.",Biology,12
"Sir, Newton ke gurutvakarshan ke niyam kya hai?","Newton ke gurutvakarshan ke niyam ke anusar, brahmand mein pratyek vastu ek-doosre par gurutvakarshan bal lagati hai, jo unki dravyaman aur doori par nirbhar karta hai.",Physics,11
"Ma'am, Mahatma Gandhi ke swaraj ka sapna kya tha?","Mahatma Gandhi ka swaraj ka sapna tha ki Bharat angrejon ke shasan se mukt ho jaye aur apne rajneetik, arthik aur samajik vikas ka raasta swaayam prashast kare.",History,10
"Sir, ecosystem kya hota hai aur iske mahatvapurn tatv kya hain?","Ecosystem ek jeev jagat hai jismein jivit aur najiv tatv aapas mein sanvaad karte hain, jismein utpaadak, sanshak, vishak aur apghatkaari mahatvapurn bhumika nibhate hain.",Biology,11
"Ma'am, Bharat mein jal sansadhan kitne prakaar ke hote hain?","Bharat mein jal sansadhan teen prakaar ke hote hain - bhoojal, nadi jal aur barsha jal, jinka upyog kheti, peyjal aur audhyogik uddeshyon ke liye kiya jata hai.",Geography,9
"Sir, mitosis kya hai aur iske charan kya hain?","Mitosis ek prakaar ki koshika vibhajan hai jismein koshika do saman koshikaon mein vibhajit hoti hai, jiske charanon mein interphase, prophase, metaphase, anaphase aur telophase shamil hain.",Biology,11
"Ma'am, chemical reaction kya hota hai aur iske prakaar kya hain?","Chemical reaction ek prakriya hai jismein ek ya ek se adhik rasayon ka parivartan hota hai, jiske prakaar oxidation, reduction, acid-base reaction aur combustion reaction hain.",Chemistry,10
"Sir, Bharat ke panchayati raj vyavastha ka uddeshya kya hai?","Bharat ke panchayati raj vyavastha ka uddeshya gram sarkar ko majboot banana aur gaon ke vikas ke liye jimmedari dena hai, jisse gram vikas aur swaraj ka sapna poora ho sake.",GK,12
"Ma'am, prathamik utpaadak kya hote hain aur unki bhumika kya hai?","Prathamik utpaadak paudhe aur shaiwaldar hote hain jo surya urja ka upyog karke bhoomi ko urja pradaan karte hain, jisse jeev jagat ka aahar tantra sanchalit hota hai.",Biology,11
"Sir, electromagnetic induction kya hai aur iske upyog kya hain?","Electromagnetic induction ek prakriya hai jismein chumbakiya kshetra mein badlav ke kaaran vidyut dhara utpanna hoti hai, jiska upyog generator, transformer aur motor mein kiya jata hai.",Physics,12
"Ma'am, cell membrane kya hoti hai aur iski sanrachna kya hai?","Cell membrane ek patli jhilli hoti hai jo koshika ko gherneti hai, jiski sanrachna lipid aur protein se bani hoti hai, jismein porin aur channel protein bhi shamil hote hain.",Biology,11
"Sir, vedic sabhyata ka itihas kya hai?","Vedic sabhyata Bharat ki prachin sabhyata hai jiska itihas lagbhag 1500 BCE se 500 BCE tak ka hai, jismein vedon ki rachna, yagya aur darshan ka vikas hua tha.",History,10
"Ma'am, ecological pyramid kya hoti hai aur iske prakaar kya hain?","Ecological pyramid ek aahar tantra ko darshati hai jismein urja ka sancharan hota hai, jiske prakaar pyramid of number, pyramid of biomass aur pyramid of energy hote hain.",Biology,11
"Sir, chemical bonding kya hota hai aur iske prakaar kya hain?","Chemical bonding ek prakriya hai jismein parmanu aapas mein jude hue hote hain, jiske prakaar ionic bonding, covalent bonding aur metallic bonding hote hain.",Chemistry,11
"Ma'am, Mughal samskruti ka prabhav kya tha?","Mughal samskruti ka prabhav Bharat ki kala, saahitya aur vastukala par pada tha, jismein Taj Mahal, Red Fort aur Humayun ka maqbara jaisi imaraten banayi gayi thi.",History,12
"Sir, biogeochemical cycle kya hota hai aur iske prakaar kya hain?","Biogeochemical cycle ek prakriya hai jismein tatv aur yaugik prithvi ke vishal kshetra mein sancharit hote hain, jiske prakaar carbon cycle, nitrogen cycle aur water cycle hote hain.",Biology,12
"Ma'am, vector quantity kya hoti hai aur iske udaharan kya hain?","Vector quantity ek bhautilik rashmi hai jismein disha aur pariman dono hote hain, jiske udaharan bal, gati aur vivēg hote hain.",Physics,11
"Sir, population growth kya hota hai aur iske karan kya hain?","Population growth jan sanshya mein badhoti hai, jiske karan janm dar, mrityu dar, prasar aur apsar hote hain, jisse desh ki aarthik aur samajik sthiti par prabhav padta hai.",GK,12
"Ma'am, cell division kya hoti hai aur iske prakaar kya hain?","Cell division ek prakriya hai jismein koshika do ya adhik koshikaon mein vibhajit hoti hai, jiske prakaar mitosis aur meiosis hote hain.",Biology,11
"Sir, what is yonder effect in geography?",Yonder effect refers to the phenomenon where the perceived distance of an object appears less due to its alignment with other objects in the landscape. This optical illusion can make objects appear closer than they actually are. It's an interesting topic in geography and psychology. Yonder effect is also known as 'forced perspective'.,Geography,11
Kya humein earthquake ke baad tsunami ki chetavani mil sakti hai?,"Haan, earthquake ke baad tsunami ki chetavani mil sakti hai. Tsunami warning systems detect changes in ocean waves and alert authorities, who then warn people in the affected areas. Yeh system bahut tezi se kaam karta hai taaki logon ko samay par chetavani mil sake.",Geography,9
What is the concept of emergence in biology?,"Emergence in biology refers to the phenomenon where complex systems exhibit properties that cannot be predicted from the characteristics of their individual components. For example, the behavior of a flock of birds or a school of fish cannot be predicted from the behavior of individual birds or fish. Emergence is a key concept in understanding complex biological systems.",Biology,12
"Sir, kya humein solar system mein aur bhi planets mil sakte hain?","Haan, solar system mein aur bhi planets mil sakte hain. Abhi tak humein 8 planets mil chuke hain, lekin scientists kahte hain ki aur bhi planets ho sakte hain jo abhi tak discover nahi hue hain. Yeh dhundhne ke liye scientists new technologies aur telescopes ka use kar rahe hain.",Science,10
What is the difference between a hurricane and a typhoon?,"The difference between a hurricane and a typhoon is actually just a matter of location. Both are types of tropical cyclones, but hurricanes occur in the Atlantic and Northeast Pacific, while typhoons occur in the Northwest Pacific. The storms themselves are essentially the same, with strong winds and heavy rainfall.",Geography,11
Kya humein paryavaran ke liye renewable energy sources adopt karne chahiye?,"Haan, humein paryavaran ke liye renewable energy sources adopt karne chahiye. Renewable energy sources jaise ki solar, wind, aur hydro energy humein non-renewable energy sources ki tarah pollution nahi karti. Isse humare paryavaran ko bachaya ja sakta hai aur humari bhavishya ki peeidi ke liye sustainable energy provide ki ja sakti hai.",Science,10
What is the process of plate tectonics?,"Plate tectonics is the process by which the Earth's lithosphere is broken into large plates that move relative to each other. These plates can move apart, collide, or slide past each other, resulting in geological phenomena such as earthquakes, volcanoes, and mountain formation. The process of plate tectonics is driven by convection currents in the Earth's mantle.",Geography,11
"Sir, kya humein biodiversity hotspots find karne ke liye koi criteria hai?","Haan, humein biodiversity hotspots find karne ke liye koi criteria hai. Biodiversity hotspots woh areas hote hain jahan par bahut si endemic species paayi jaati hain aur jahan par human activities ki wajah se conservation ki zarurat hai. Scientists ne kuch criteria banaye hain jaise ki species richness, endemism, aur habitat loss, jinke aadhar par hum biodiversity hotspots identify kar sakte hain.",Biology,12
What is the concept of ecological niche?,"Ecological niche refers to the specific role and position of a species within its environment. It includes the resources it uses, the space it occupies, and the interactions it has with other species. Each species has a unique ecological niche, and understanding these niches is important for understanding the structure and function of ecosystems.",Biology,11
Kya humein climate change ke effects mitigate karne ke liye kuch steps le sakte hain?,"Haan, humein climate change ke effects mitigate karne ke liye kuch steps le sakte hain. Hum renewable energy sources adopt kar sakte hain, energy efficiency improve kar sakte hain, aur sustainable land use practices follow kar sakte hain. Iske alawa, hum Afforestation aur Reforestation karke carbon sequestration badha sakte hain aur greenhouse gas emissions reduce kar sakte hain.",Science,10
What is the process of eutrophication?,"Eutrophication is the process by which a body of water becomes enriched with excess nutrients, such as nitrogen and phosphorus. This can lead to an overgrowth of algae, which can deplete the oxygen in the water and harm aquatic life. Eutrophication can be caused by human activities such as agricultural runoff, sewage, and industrial waste.",Biology,11
"Sir, kya humein ocean currents ke bare mein kuch jaankari hai?","Haan, humein ocean currents ke bare mein kuch jaankari hai. Ocean currents woh movements hote hain jo ocean ke paani mein hote hain. Ye currents temperature, salinity, aur wind ke kaaran se move karte hain aur ye global climate ko affect karte hain. Ocean currents ke bare mein jaankari se humein oceanic phenomena jaise ki El Nino aur La Nina ke bare mein samajhne mein madad milti hai.",Geography,10
What is the concept of symbiotic relationships?,"Symbiotic relationships refer to the close and often long-term interactions between different species. There are three types of symbiotic relationships: mutualism, commensalism, and parasitism. In mutualism, both species benefit from the interaction, while in commensalism, one species benefits and the other is not affected. In parasitism, one species benefits at the expense of the other.",Biology,11
Kya humein conservation biology ke liye koi strategies hain?,"Haan, humein conservation biology ke liye koi strategies hain. Hum habitat preservation, species reintroduction, aur population management jaise techniques use kar sakte hain. Iske alawa, hum community-based conservation aur sustainable development practices bhi follow kar sakte hain. Conservation biology ke liye strategies banana important hai taaki hum biodiversity ko bacha sakein aur ecosystem services ko maintain kar sakein.",Biology,12
What is the process of glacier formation?,"Glacier formation is the process by which snow and ice accumulate and compact over time, forming a large, slow-moving river of ice. Glaciers form in high-latitude or high-altitude regions where the climate is cold enough for snow to persist year-round. The weight and pressure of the accumulated snow and ice cause the ice to flow downhill, carving out valleys and creating distinctive landscape features.",Geography,10
"Sir, kya humein biogeochemical cycles ke bare mein kuch jaankari hai?","Haan, humein biogeochemical cycles ke bare mein kuch jaankari hai. Biogeochemical cycles woh processes hote hain jo nutrients aur elements ko ecosystem mein move karte hain. Ye cycles carbon, nitrogen, phosphorus, aur sulfur jaise elements ko include karte hain aur ye ecosystem ke functioning ko affect karte hain. Biogeochemical cycles ke bare mein jaankari se humein ecosystem services ke bare mein samajhne mein madad milti hai.",Biology,11
What is the concept of ecological succession?,"Ecological succession refers to the process of change in the species composition of a community over time. This can occur after a disturbance, such as a fire or hurricane, or in a newly formed habitat, such as a volcanic island. The process of succession can be primary, where a new community forms from scratch, or secondary, where a community recovers from a disturbance.",Biology,11
Kya humein environmental ethics ke liye koi principles hain?,"Haan, humein environmental ethics ke liye koi principles hain. Hum precautionary principle, polluter pays principle, aur intergenerational justice jaise principles follow kar sakte hain. Iske alawa, hum environmental stewardship aur sustainable development ke bare mein bhi soch sakte hain. Environmental ethics ke liye principles banana important hai taaki hum paryavaran ko bacha sakein aur bhavishya ki peedhi ke liye sustainable future banayein.",Science,12
What is the process of fossil fuel formation?,"Fossil fuel formation is the process by which plant and animal remains are converted into coal, oil, and natural gas over millions of years. The process involves the accumulation of organic matter, heat, and pressure, which transforms the remains into fossil fuels. Fossil fuels are non-renewable resources that are formed from ancient plants and animals, and their formation is a complex process that occurs over geological time scales.",Science,10
"Sir, kya humein remote sensing ke bare mein kuch jaankari hai?","Haan, humein remote sensing ke bare mein kuch jaankari hai. Remote sensing woh technology hai jiske dwara hum earth ke surface ke bare mein data collect karte hain bina directly usse touch kiye. Ye technology satellites, aircraft, aur drones jaise platforms use karti hai aur ye data environmental monitoring, land use planning, aur natural resource management ke liye upyogi hai.",Geography,11
What is the concept of anthropogenic climate change?,"Anthropogenic climate change refers to the impact of human activities on the Earth's climate. Human activities such as burning fossil fuels, deforestation, and land use changes release greenhouse gases, which trap heat and contribute to global warming. Anthropogenic climate change is a major concern, as it can have significant impacts on ecosystems, human health, and the economy.",Science,11
"Sir, plate tectonics ke concept ko kaise samjhein, yeh kya hai?","Plate tectonics ki concept ke anusar, prithvi ki satah par chhote-chhote tukde hote hain jo lagatar gati mein rehte hain. Ye tukde ek dusre se takraate hain aur isse pahaad, jwalamukhi aadi bante hain. Isse hamein prithvi ki satah par hone wale badlaavon ka pata chalta hai.",Geography,9
"Ma'am, what is the difference between mitosis and meiosis, yeh dono kya hain?","Mitosis aur meiosis dono cell division ki prakriya hain. Mitosis mein ek cell do banate hain, jabki meiosis mein ek cell chaar banate hain. Meiosis ki prakriya sex cell banane ke liye hoti hai, jabki mitosis ki prakriya shareer ke anya bhag banane ke liye hoti hai.",Biology,10
"Sir, Newton ke teen laws of motion kya hain, inhein detail mein bataiye?","Newton ke teen laws of motion hain: pehla law ke anusar, koi bhi cheez apni sthiti mein rahegi agar us par koi bahari bal nahi lagta. Doosra law ke anusar, kisi bhi cheez par lagne wala bal uski mass aur uski gati ke beech sambandh ko darshaata hai. Teesra law ke anusar, har action ke liye ek equal aur opposite reaction hoti hai.",Physics,11
"Ma'am, what is the concept of gene expression, yeh kya hota hai?","Gene expression ki prakriya mein, genes ka code lya jaata hai aur isse protein banaye jaate hain. Ye prakriya cell mein hoti hai aur isse hamein pata chalta hai ki kaise genes hamein banate hain aur hamaare shareer ko niyantrit karte hain.",Biology,12
"Sir, kya aap bata sakte hain ki Mughal empire ka itihaas kya hai?","Mughal empire ka itihaas 1526 se 1857 tak ka hai. Iska sansthaapak Babur tha, jo ek turk shaasak tha. Unke baad, Humayun, Akbar, Jahangir, Shahjahan, aur Aurangzeb jaise maharath shaasak huye.",History,11
"Ma'am, what is the difference between flora and fauna, inhein kaise samjhein?","Flora aur fauna dono hi prakriti ke hisse hain. Flora ke tahat ped-paudhe aate hain, jabki fauna ke tahat jeev-jaantuo aate hain. Flora hamein oxygen aur khane ki cheezein pradaan karti hai, jabki fauna hamein bachaav aur manoranjan pradaan karte hain.",Biology,9
"Sir, kya aap bata sakte hain ki electromagnetic induction ka concept kya hai?","Electromagnetic induction ki prakriya mein, ek chumbakiya kshetra mein badlaav se vidyut dhara utpann hoti hai. Isse hamein pata chalta hai ki kaise chumbakiya kshetra vidyut dhara ko prabhaavit karte hain.",Physics,12
"Ma'am, what is the concept of ecosystem, yeh kya hota hai?","Ecosystem ki prakriya mein, jeev-jaantu, ped-paudhe, aur anya jeev apne aas-paas ke vatavaran ke saath milke ek system banate hain. Isse hamein pata chalta hai ki kaise yeh sabhi tatva ek-dusre par nirbhar hain aur ek saath milkar kaam karte hain.",Biology,10
"Sir, kya aap bata sakte hain ki ancient civilization of Indus valley ka itihaas kya hai?","Ancient civilization of Indus valley ka itihaas lagbhag 3300 BCE se 1300 BCE tak ka hai. Ismein hamein sulabh sheheron, snaanagharon, aur anya suvidhaon ke avshesh milte hain. Ye log apne samay ke liye bahut aage the aur unhone bahut si nai cheezein khoji.",History,11
"Ma'am, what is the concept of plate boundary, yeh kya hota hai?","Plate boundary ki prakriya mein, do plate ek-dusre se milte hain aur isse hamein pata chalta hai ki kaise yeh plate ek-dusre par nirbhar hain. Ye plate boundary prithvi ki satah par hone wale badlaavon ka karan bante hain.",Geography,9
"Sir, kya aap bata sakte hain ki laws of thermodynamics kya hain?","Laws of thermodynamics ke anusar, urja ka sanrakshan hota hai, urja ka naash nahi hota. Iske alaava, urja ka roopantar hota hai, jaise gati urja se taap urja mein badal sakti hai.",Physics,11
"Ma'am, what is the concept of biogeochemical cycle, yeh kya hota hai?","Biogeochemical cycle ki prakriya mein, tatva prakriti mein chakraate hain aur isse hamein pata chalta hai ki kaise yeh tatva ek-dusre par nirbhar hain. Ye cycle hamein pata dete hain ki kaise tatva prakriti mein badalte hain aur kaise yeh cycle hamein jivan dete hain.",Biology,12
"Sir, kya aap bata sakte hain ki French revolution ka itihaas kya hai?",French revolution ka itihaas 1789 se 1799 tak ka hai. Ismein hamein pata chalta hai ki kaise France mein raja ke khilaf logon ne vidroh kiya aur ek naye samaj ka nirmaan kiya.,History,11
"Ma'am, what is the concept of biodiversity, yeh kya hota hai?","Biodiversity ki prakriya mein, jeev-jaantu, ped-paudhe, aur anya jeev apne aas-paas ke vatavaran ke saath milke ek system banate hain. Isse hamein pata chalta hai ki kaise yeh sabhi tatva ek-dusre par nirbhar hain aur ek saath milkar kaam karte hain.",Biology,10
"Sir, kya aap bata sakte hain ki scientific method ka concept kya hai?","Scientific method ki prakriya mein, hum ek prashn puchte hain, phir iske liye ek hypothesis banate hain, uske baad iske liye experiment karte hain, aur phir result ko analyze karte hain. Isse hamein pata chalta hai ki kaise vaigyaanik tarike se sochne se hum nayi cheezein khoj sakte hain.",Science,9
"Ma'am, what is the concept of rock cycle, yeh kya hota hai?","Rock cycle ki prakriya mein, patthar alag-alag roopon mein badalte hain, jaise igneous, sedimentary, aur metamorphic. Isse hamein pata chalta hai ki kaise patthar prakriti mein badalte hain aur kaise yeh cycle hamein pattharon ke baare mein jankari dete hain.",Geography,10
"Sir, kya aap bata sakte hain ki kinetic theory of gases kya hai?","Kinetic theory of gases ke anusar, gas ke anu gati mein rehte hain aur isse hamein pata chalta hai ki kaise gas ke gunon ko samjhna chahiye. Is theory ke anusar, gas ke anu ek-dusre se takraate hain aur isse hamein gas ke dabav, taap, aur aayatan ke baare mein jankari milti hai.",Physics,11
"Ma'am, what is the concept of eutrophication, yeh kya hota hai?","Eutrophication ki prakriya mein, jal mein aavashyak tatva jaise phosphorus aur nitrogen ki matra badh jaati hai, jisse jal mein jeev-jaantu badh jaate hain aur isse jal ki gunvatta kharab hoti hai. Isse hamein pata chalta hai ki kaise jal ko saaf rakhna chahiye aur kaise iske prabhavon ko kam karna chahiye.",Biology,12
"Sir, kya aap bata sakte hain ki ancient civilization of Mesopotamia ka itihaas kya hai?","Ancient civilization of Mesopotamia ka itihaas lagbhag 4500 BCE se 539 BCE tak ka hai. Ismein hamein sulabh sheheron, snaanagharon, aur anya suvidhaon ke avshesh milte hain. Ye log apne samay ke liye bahut aage the aur unhone bahut si nai cheezein khoji.",History,11
"Ma'am, what is the concept of atomic model, yeh kya hota hai?","Atomic model ki prakriya mein, parmanu ke androoni bhag ko samjhaya jaata hai, jismein proton, neutron, aur electron hote hain. Isse hamein pata chalta hai ki kaise parmanu ka nirmaan hota hai aur kaise yeh parmanu hamein duniya ke baare mein jankari dete hain.",Physics,10
"Sir, kya hum earth ke atmosphere meh rehte hai, toh phir space meh kya hoga?","Haan, hum earth ke atmosphere meh rehte hai, aur space meh vacuum hota hai jahaan oxygen ki kami hoti hai. Isliye space meh jaane ke liye humein special suits aur oxygen supply ki zarurat hoti hai.",Science,9
"Ma'am, kya ancient India meh koi mahila ruler thi?","Haan, ancient India meh kai mahila rulers thi, jaise ki Rani Lakshmibai, Rani Durgavati, aur Razia Sultan. Unhone apne samay meh bahut sahi prashasan kiya tha.",History,8
"Sir, kya hum biology meh mitosis aur meiosis ke beech antar samajh sakte hai?","Haan, mitosis aur meiosis dono cell division ki prakriya hai, lekin mitosis meh do identical cells banti hai, jabki meiosis meh four different cells banti hai. Meiosis gametes (sperm aur egg cells) ki formation meh hoti hai.",Biology,11
"Ma'am, kya hum earth ke axis ki inclination ke baare meh jaan sakte hai?","Haan, earth ki axis ki inclination lagbhag 23.5 degree hoti hai, jiske kaaran humein seasons ka anubhav hota hai. Is inclination ke kaaran hi humein summer, winter, autumn, aur spring milte hai.",Geography,9
"Sir, kya hum physics meh torque aur force ke beech antar samajh sakte hai?","Haan, force kisi object par lagne wali ek bal hoti hai, jabki torque force ki rotation ki wajah se hoti hai. Torque ki unit newton-meter hoti hai.",Physics,11
"Ma'am, kya hum chemistry meh acid aur base ke beech antar samajh sakte hai?","Haan, acid ek aisa substance hota hai jo hydrogen ions ko donate karta hai, jabki base ek aisa substance hota hai jo hydrogen ions ko accept karta hai. Acid aur base ke milne se salt aur water banta hai.",Chemistry,10
"Sir, kya hum geography meh plate tectonics ke baare meh jaan sakte hai?","Haan, plate tectonics earth ke crust ki movement ki theory hai, jiske anusaar earth ki satah par kai plates hoti hai jo lagatar move karti hai. In plates ki movement se earthquakes, volcanoes, aur mountain formation hoti hai.",Geography,9
"Ma'am, kya hum biology meh ecosystem ke baare meh jaan sakte hai?","Haan, ecosystem ek aisa system hota hai jismein living organisms aur non-living organisms milkar rehte hai, jaise ki plants, animals, microorganisms, air, water, aur soil. Ecosystem ki sanrachna aur karya bahut mahatvapoorn hota hai.",Biology,11
"Sir, kya hum physics meh electromagnetic induction ke baare meh jaan sakte hai?","Haan, electromagnetic induction ek aisa process hota hai jismein changing magnetic field se electric current generate hota hai. Is process ki khoj Michael Faraday ne ki thi.",Physics,12
"Ma'am, kya hum history meh ancient civilizations ke baare meh jaan sakte hai?","Haan, ancient civilizations jaise ki Mesopotamia, Egypt, Indus Valley, aur China ne bahut mahatvapoorn yogdan diya tha. Unhone apne samay meh bahut sahi prashasan, sanskriti, aur vigyan viksit kiya tha.",History,8
"Sir, kya hum chemistry meh chemical bonding ke baare meh jaan sakte hai?","Haan, chemical bonding ek aisa process hota hai jismein atoms apne electrons ko share karte hai ya exchange karte hai, jisse unke beech strong attractive forces banti hai. Chemical bonding ki types hain ionic, covalent, aur metallic bonding.",Chemistry,11
"Ma'am, kya hum geography meh natural resources ke baare meh jaan sakte hai?","Haan, natural resources jaise ki water, mineral, fossil fuels, aur forests bahut mahatvapoorn hoti hai. In resources ki upyogita aur sanrakshan bahut zaruri hai.",Geography,9
"Sir, kya hum physics meh optics ke baare meh jaan sakte hai?","Haan, optics light ki study hoti hai, jismein hum light ki nature, properties, aur behavior ko samajhte hai. Optics meh hum lenses, mirrors, aur prisms ke baare meh bhi jaante hai.",Physics,12
"Ma'am, kya hum biology meh biotechnology ke baare meh jaan sakte hai?","Haan, biotechnology ek aisa field hota hai jismein hum living organisms ko technology ke saath milkar new products aur processes develop karte hai. Biotechnology ki applications medicine, agriculture, aur industry meh hoti hai.",Biology,12
"Sir, kya hum chemistry meh polymer ke baare meh jaan sakte hai?","Haan, polymer ek aisa substance hota hai jismein kai small molecules milkar ek bada molecule banate hai. Polymers ki properties unke molecular structure par nirbhar karti hai.",Chemistry,11
"Ma'am, kya hum geography meh climate change ke baare meh jaan sakte hai?","Haan, climate change ek aisa process hota hai jismein earth ki average temperature badalti hai, jiske kaaran human activities jaise ki greenhouse gas emissions hoti hai. Climate change ke prabhav bahut gambhir ho sakte hai, jaise ki sea level rise, droughts, aur extreme weather events.",Geography,10
"Sir, kya hum physics meh relativity ke baare meh jaan sakte hai?","Haan, relativity ek aisa theory hota hai jismein hum space aur time ki nature ko samajhte hai, jiske anusaar time aur space relative hoti hai. Relativity ki do theories hain, special relativity aur general relativity.",Physics,12
"Ma'am, kya hum history meh world war ke baare meh jaan sakte hai?","Haan, world war ek aisa conflict hota hai jismein kai desh shamil hote hai, jiske kaaran bahut saare logon ki maut hoti hai aur economy bhi prabhavit hoti hai. World war ke do bade conflicts hain, world war 1 aur world war 2.",History,10
"Sir, kya hum chemistry meh organic chemistry ke baare meh jaan sakte hai?","Haan, organic chemistry ek aisa branch hota hai jismein hum carbon-based compounds ki study karte hai, jaise ki hydrocarbons, alcohols, aur acids. Organic chemistry ki applications medicine, agriculture, aur industry meh hoti hai.",Chemistry,12
"Ma'am, kya hum biology meh genetics ke baare meh jaan sakte hai?","Haan, genetics ek aisa field hota hai jismein hum heredity aur variation ki study karte hai, jiske anusaar hum organisms ke characteristics ko samajhte hai. Genetics ki applications medicine, agriculture, aur biotechnology meh hoti hai.",Biology,12
"Sir, plate tectonics ke bare mein batayein, yeh kya hota hai?","Plate tectonics prithvi ki satah par chalne wale plateon ke movement ko describe karta hai, jo ki earthquakes, volcanoes aur mountain formation ke liye jimmedar hote hain. Ye process arbon years se chal raha hai aur abi bhi jaari hai.",Geography,9
"Ma'am, cell membrane ke functions batayein, yeh kya karta hai?","Cell membrane cell ko protect karta hai, nutrients ko andar aur waste ko bahar nikalta hai, aur cell ke andar aur bahar ke environment ko control karta hai. Ye ek semi-permeable membrane hoti hai jo selective permeability ko allow karti hai.",Biology,10
"Sir, mitosis ke dauraan kya hota hai, iske steps batayein?","Mitosis ke dauraan cell divide hota hai aur do identical daughter cells banate hai. Ismein interphase, prophase, metaphase, anaphase, aur telophase stages hote hain, jismein chromosomes divide hote hain aur nuclei banate hain.",Biology,11
"Ma'am, Newton ke third law of motion ke bare mein batayein?","Newton ka third law of motion kehta hai ki har action ke liye ek equal aur opposite reaction hoti hai. Yah law hamein batata hai ki jab hum kisi cheez par force lagate hain, to vah bhi hum par equal force lagati hai.",Physics,10
"Sir, Indian constitution ke bare mein batayein, yeh kab banaya gaya tha?","Indian constitution 26 November 1949 ko banaya gaya tha, lekin yeh 26 January 1950 ko lagu hua tha. Ismein 22 parts, 395 articles, aur 8 schedules hain, jo ki India ke shasan aur nagrikon ke adhikaron ko define karte hain.",GK,12
"Ma'am, photosynthesis ke process ke bare mein batayein?","Photosynthesis ek process hai jismein paudhe sunlight, carbon dioxide, aur water ka use karke glucose aur oxygen banate hain. Ye process chlorophyll ki presence mein hota hai, jo ki paudhon ke patton mein paya jata hai.",Biology,11
"Sir, monsoon ke bare mein batayein, yeh kya hota hai?","Monsoon ek seasonal wind pattern hai jo ki India mein garmiyon ke dauraan hota hai. Ye wind pattern India ko garm aur humid air laate hain, jisse ki monsoon ke dauraan barish hoti hai.",Geography,9
"Ma'am, cell cycle ke bare mein batayein, yeh kya hota hai?","Cell cycle ek process hai jismein cell grow, replicate, aur divide hota hai. Ismein interphase, mitosis, aur cytokinesis stages hote hain, jismein cell apne DNA ko replicate karta hai aur do identical daughter cells banata hai.",Biology,11
"Sir, acid rain ke bare mein batayein, yeh kya hota hai?","Acid rain ek prakar ki barish hai jo ki industrial pollution ke karan hoti hai. Ye barish mein acid ki presence ke karan hoti hai, jo ki paudhon, jeevon, aur infrastructure ko nuksan pahuncha sakti hai.",Environmental Science,10
"Ma'am, Mendel ke laws of inheritance ke bare mein batayein?","Mendel ke laws of inheritance kehte hain ki genes ki inheritance ek specific pattern mein hoti hai. Ye laws kehte hain ki genes ki traits dominant aur recessive hote hain, aur ve specific ratios mein inherit hote hain.",Biology,12
"Sir, black hole ke bare mein batayein, yeh kya hota hai?","Black hole ek prakar ka khula hua khala hai jo ki universe mein hota hai. Ye ek bahut hi dense aur heavy object hai, jiska gravitational pull itna strong hota hai ki koi bhi cheez, chahe wo light ho ya matter, usmein se bahar nahi nikal sakti.",Physics,12
"Ma'am, water cycle ke bare mein batayein, yeh kya hota hai?","Water cycle ek process hai jismein paani earth ke beech mein cycle hota hai. Ye process mein evaporation, condensation, aur precipitation shamil hain, jismein paani vapor mein badalta hai, clouds mein condense hota hai, aur phir barish ya snow ke roop mein earth par girta hai.",Geography,9
"Sir, DNA replication ke process ke bare mein batayein?","DNA replication ek process hai jismein DNA apne aap ko replicate karta hai. Ye process mein helicase enzyme DNA ko unwind karta hai, aur phir polymerase enzyme nucleotides ko jodta hai aur ek naya DNA strand banata hai.",Biology,12
"Ma'am, ecosystem ke bare mein batayein, yeh kya hota hai?","Ecosystem ek prakar ka system hai jismein jeev aur unke environment ke beech mein interaction hota hai. Ye system mein producers, consumers, aur decomposers shamil hote hain, jo ki ek dusre par nirbhar hote hain aur ek balance maintain karte hain.",Biology,11
"Sir, tsunamis ke bare mein batayein, yeh kya hota hai?","Tsunami ek prakar ki natural disaster hai jo ki samudra mein hoti hai. Ye ek bahut hi badi wave hai jo ki earthquake ya volcanic eruption ke karan hoti hai, aur jo ki coastal areas ko nuksan pahuncha sakti hai.",Geography,10
"Ma'am, gene expression ke bare mein batayein, yeh kya hota hai?","Gene expression ek process hai jismein genes apne proteins ko banate hain. Ye process mein transcription, translation, aur regulation shamil hain, jismein genes apne mRNA ko banate hain, jo ki ribosomes mein jata hai aur proteins ko banata hai.",Biology,12
"Sir, biodiversity ke bare mein batayein, yeh kya hota hai?","Biodiversity ek prakar ki variety hai jo ki jeevon mein hoti hai. Ye variety mein species, ecosystem, aur genetic diversity shamil hote hain, jo ki ek dusre par nirbhar hote hain aur ek balance maintain karte hain.",Biology,11
"Ma'am, weathering ke bare mein batayein, yeh kya hota hai?","Weathering ek prakar ki process hai jo ki rocks ko break down karti hai. Ye process mein mechanical weathering, chemical weathering, aur biological weathering shamil hote hain, jo ki rocks ko break down karte hain aur unhein sediment mein badal dete hain.",Geography,9
"Sir, climate change ke bare mein batayein, yeh kya hota hai?","Climate change ek prakar ki process hai jo ki earth ke climate ko badal rahi hai. Ye process mein global warming, sea level rise, aur extreme weather events shamil hote hain, jo ki human activities ke karan ho rahe hain aur jinke karan earth ka climate badal raha hai.",Environmental Science,10
"Ma'am, human body ke skeletal system ke bare mein batayein, yeh kya hota hai?","Human body ke skeletal system ek prakar ka system hai jo ki human body ko support karta hai. Ye system mein bones, cartilage, aur ligaments shamil hote hain, jo ki human body ko shape dete hain, support karte hain, aur movement ko enable karte hain.",Biology,11
"Sir, what is yakhchal in geography, kya ye koi river hai?","Nahi, yakhchal ek tarah ka traditional ice house hai jo Iran me paya jata hai, jahaan log ice store karte the.",Geography,11
"Ma'am, binary fission kya hota hai, isme kitne daughter cells bante hain?","Binary fission ek aisa process hai jisme ek cell do daughter cells me divide hoti hai, isme 2 daughter cells banti hain.",Biology,10
"Sir, kinetic energy ka formula kya hai, hum isse kaise calculate karte hain?","Kinetic energy ka formula 1/2 mv^2 hai, jahaan m mass aur v velocity hoti hai, hum isse is formula se calculate karte hain.",Physics,11
"Ma'am, Tansen kaun the, unka contribution music me kya tha?","Tansen ek prasiddh musician the, unka contribution music me bahut bada tha, unhone many ragas compose kiye aur unhe Bharat me sangeet ki sthapna me mahatvapurna maana jata hai.",History,9
"Sir, what is an ecosystem, kya ye koi living thing hai?","Nahi, ecosystem ek tarah ka biological community hai jisme living aur non-living components interact karte hain, jaise ki plants, animals, soil, air, aur water.",Science,12
"Ma'am, kya hum apne ghar me soap banaye aur kaise?","Haan, hum apne ghar me soap banaye, isme oil, lye, aur water ka use hota hai, hum isse carefully mix karke aur shape dekar banate hain.",Chemistry,10
"Sir, kya humne Chandrayaan mission ke baare me padha tha, isme kaun se instruments use hue?","Haan, humne Chandrayaan mission ke baare me padha tha, isme many instruments use hue jaise ki terrain mapping camera, lunar laser ranging instrument, aur X-ray spectrometer.",GK,12
"Ma'am, mitosis kya hota hai, isme kitne phases hote hain?","Mitosis ek tarah ka cell division process hai, isme 4 phases hote hain - prophase, metaphase, anaphase, aur telophase.",Biology,11
"Sir, kya hum apne ghar me paper banaye aur kaise?","Haan, hum apne ghar me paper banaye, isme pulp, water, aur some chemicals ka use hota hai, hum isse carefully mix karke aur press karke banate hain.",Chemistry,10
"Ma'am, what is a sedimentary rock, kya ye koi igneous rock hai?","Nahi, sedimentary rock ek tarah ka rock hai jo sediments se banta hai, jaise ki sand, silt, aur clay, ye rocks compression aur cementation se banate hain.",Geography,9
"Sir, kya humne Aryabhata ke baare me padha tha, unka contribution mathematics me kya tha?","Haan, humne Aryabhata ke baare me padha tha, unka contribution mathematics me bahut bada tha, unhone pi ka value calculate kiya aur many mathematical concepts develop kiye.",Math,10
"Ma'am, kya hum apne garden me compost banaye aur kaise?","Haan, hum apne garden me compost banaye, isme kitchen waste, leaves, aur some microorganisms ka use hota hai, hum isse carefully mix karke aur decompose karke banate hain.",Biology,9
"Sir, what is a mineral, kya ye koi rock hai?","Nahi, mineral ek tarah ka inorganic substance hai jo specific chemical composition aur crystalline structure ke saath hota hai, rocks minerals se bante hain.",Geography,11
"Ma'am, kya humne Rani Lakshmibai ke baare me padha tha, unka role freedom fight me kya tha?","Haan, humne Rani Lakshmibai ke baare me padha tha, unka role freedom fight me bahut bada tha, unhone Britishers ke khilaf ladai ladi aur apne desh ki azadi ke liye sangharsh kiya.",History,10
"Sir, kya hum apne ghar me detergent banaye aur kaise?","Haan, hum apne ghar me detergent banaye, isme surfactants, water, aur some chemicals ka use hota hai, hum isse carefully mix karke aur shape dekar banate hain.",Chemistry,11
"Ma'am, what is a food chain, kya ye koi ecosystem hai?","Nahi, food chain ek tarah ka sequence hai jisme producers se lekar consumers tak energy transfer hoti hai, ye ecosystem ka ek part hai.",Science,9
"Sir, kya humne Jagadish Chandra Bose ke baare me padha tha, unka contribution science me kya tha?","Haan, humne Jagadish Chandra Bose ke baare me padha tha, unka contribution science me bahut bada tha, unhone many scientific experiments kiye aur plants ke baare me bahut kuch discover kiya.",GK,12
"Ma'am, kya hum apne ghar me fertilizer banaye aur kaise?","Haan, hum apne ghar me fertilizer banaye, isme kitchen waste, leaves, aur some microorganisms ka use hota hai, hum isse carefully mix karke aur decompose karke banate hain.",Biology,10
"Sir, what is a biome, kya ye koi ecosystem hai?","Nahi, biome ek tarah ka large ecosystem hai jo specific plants aur animals ke saath hota hai, jaise ki desert, forest, aur grassland.",Geography,11
"Ma'am, kya humne Kalpana Chawla ke baare me padha tha, unka contribution space science me kya tha?","Haan, humne Kalpana Chawla ke baare me padha tha, unka contribution space science me bahut bada tha, unhone NASA ke saath kaam kiya aur space me many missions complete ki.",GK,12
"Sir, what is difference between archipelago and island, hume samajh nahi aaya?","Archipelago ek samuh hai jo kayi chhote islands se bana hota hai, jaise ki Andaman aur Nicobar islands. Island ek akela bhaag hai jo paani se ghira hota hai. Isliye, archipelago mein kayi islands hote hain lekin island ek akela hota hai.",Geography,9
"Ma'am, kinetic energy ka formula kya hai aur iska use kahan hota hai?","Kinetic energy ka formula 0.5 * m * v^2 hai, jaha m massa hai aur v velocity hai. Iska use hume pata karne ke liye hota hai ki koi vastu kitni urja rakhti hai jab wo gati mein hoti hai.",Physics,11
"Sir, what is biodiversity hotspot, kya ye humare desh mein bhi hai?","Biodiversity hotspot woh jagah hai jahan bahut si alag-alag prajatiyan paayi jaati hain. Haan, humare desh mein bhi biodiversity hotspots hain, jaise ki Western Ghats aur Eastern Himalayas.",Biology,12
"Ma'am, kya hum apne ghar ke paani ko solar still se shuddh kar sakte hain?","Haan, hum apne ghar ke paani ko solar still se shuddh kar sakte hain. Solar still mein paani ko garm kiya jaata hai aur vaashp banaya jaata hai, jisse paani shuddh ho jaata hai.",Science,10
"Sir, kya tum mujhe bata sakte ho ki National Mission on Monsoon ki kya zaroorat thi?",National Mission on Monsoon ka uddeshya monsoon ki bhavishyavani ko behtar banana tha. Isse hume mausam ki bhavishyavani ke liye behtar data milta hai aur hume monsoon ke dauran hone wale nuksaan se bachne mein madad milti hai.,GK,12
"Ma'am, kya hum chemistry mein acid aur base ke bare mein padhenge?","Haan, hum chemistry mein acid aur base ke bare mein padhenge. Acid aur base ke gunon aur unke pratikriyaon ko samajhna humare liye bahut zaroori hai.",Chemistry,11
"Sir, kya tum mujhe bata sakte ho ki Prithvi ka sabse bada desert konsi hai?","Prithvi ka sabse bada desert Antarctic desert hai, jo lagbhag 14 million varg kilometer mein faila hua hai.",Geography,9
"Ma'am, kya hum biology mein ecosystem ke bare mein padhenge?","Haan, hum biology mein ecosystem ke bare mein padhenge. Ecosystem mein jeev aur njeev tatvon ke beech ki pratikriyaon ko samajhna humare liye bahut zaroori hai.",Biology,12
"Sir, what is difference between speed and velocity, dono mein kya antar hai?","Speed aur velocity dono gati se sambandhit hain, lekin speed mein sirf gati ki maatra hoti hai, jabki velocity mein gati ki maatra aur disha bhi hoti hai.",Physics,11
"Ma'am, kya hum apne ghar ke bagiche mein apna khud ka compost banaye?","Haan, hum apne ghar ke bagiche mein apna khud ka compost banaye. Compost banane ke liye hume kitchen ke kachre aur pattiyon ka upyog karna hota hai, jisse hume mitti ko urvarak banana mein madad milti hai.",Science,10
"Sir, kya tum mujhe bata sakte ho ki India ke sabse ucha pahaad kaun sa hai?","India ka sabse ucha pahaad Mount K2 hai, jo Kargil mein sthit hai. Lekin agar hum Mount Everest ki baat karein, jo ki duniya ka sabse ucha pahaad hai, to wo Nepal mein sthit hai.",Geography,9
"Ma'am, kya hum history mein Mughal saamrajya ke bare mein padhenge?","Haan, hum history mein Mughal saamrajya ke bare mein padhenge. Mughal saamrajya ka itihas bahut hi samriddh hai aur hume iske baare mein padhne se bahut kuch seekhne ko milta hai.",History,11
"Sir, kya tum mujhe bata sakte ho ki National Water Mission ka uddeshya kya hai?",National Water Mission ka uddeshya paani ki bachat aur uske durupyog ko rokna hai. Iske liye hume paani ki sanrakshan ke liye kai kadam uthane hote hain.,GK,12
"Ma'am, kya hum chemistry mein chemical reaction ke bare mein padhenge?","Haan, hum chemistry mein chemical reaction ke bare mein padhenge. Chemical reaction mein padarthon ke beech ki pratikriyaon ko samajhna humare liye bahut zaroori hai.",Chemistry,11
"Sir, kya tum mujhe bata sakte ho ki India ke sabse bade jungle kaun se hain?","India ke sabse bade jungle Amazon jungle nahi hain, kyunki Amazon jungle South America mein hain. India ke sabse bade jungle Western Ghats aur Eastern Himalayas hain.",Geography,9
"Ma'am, kya hum biology mein cell ke bare mein padhenge?","Haan, hum biology mein cell ke bare mein padhenge. Cell jeevon ke moolbhoot ghatak hain aur unke bare mein padhna humare liye bahut zaroori hai.",Biology,12
"Sir, what is difference between producers and consumers, dono mein kya antar hai?","Producers woh jeev hote hain jo apna khana khud banate hain, jaise ki paudhe. Consumers woh jeev hote hain jo doosron ke banaaye hue khane ko khate hain, jaise ki janwar.",Biology,10
"Ma'am, kya hum apne ghar ke paani ko reverse osmosis se shuddh kar sakte hain?","Haan, hum apne ghar ke paani ko reverse osmosis se shuddh kar sakte hain. Reverse osmosis mein paani ko ek patle membrane se guzara jaata hai, jisse paani shuddh ho jaata hai.",Science,10
"Sir, kya tum mujhe bata sakte ho ki National Disaster Management Authority ka uddeshya kya hai?","National Disaster Management Authority ka uddeshya apdaon ke dauran madad aur sahara pradaan karna hai. Iske liye hume apdaon ke dauran kya karna hai, iske liye kai kadam uthane hote hain.",GK,12
"Ma'am, kya hum history mein Indus Valley Civilization ke bare mein padhenge?","Haan, hum history mein Indus Valley Civilization ke bare mein padhenge. Indus Valley Civilization ka itihas bahut hi purana hai aur hume iske baare mein padhne se bahut kuch seekhne ko milta hai.",History,11
"Sir, what is seismology aur ismein hum kya seekhte hain?",Seismology ek aisa vishay hai jismein hum bhukamp aur earthquake ke baare mein padhte hain. Ismein hum yeh jaante hain ki bhukamp kaise aate hain aur unke prabhav ko kaise kam kiya ja sakta hai.,Geography,11
"Ma'am, kinetic energy ka kya formula hota hai?","Kinetic energy ka formula 0.5 mv^2 hota hai, jahan m mass hota hai aur v velocity hoti hai. Isse hum kisi bhi cheez ki gati aur bhari ko dekhte hain.",Physics,10
"Sir, what is ecosystem aur iske kitne prakaar hote hain?","Ecosystem ek aisa system hai jismein jeev aur nirjeev tatva ek saath rehte hain. Iske teen prakaar hote hain - terrestrial, freshwater, aur marine ecosystem.",Biology,12
"Ma'am, Aryabhatta ne kya mahatvapoorn yogdan diya tha?","Aryabhatta ne bahut se mahatvapoorn yogdan diye, jaise ki dhruvon ki khoj aur zero ka avishkar. Unhonein apni kitab Aryabhatiya mein bahut se mahatvapoorn siddhanton ka varnan kiya tha.",History,9
"Sir, mitosis aur meiosis mein kya antar hota hai?","Mitosis aur meiosis dono cell division ke prakaar hain, lekin mitosis mein do identical cells banti hain jabki meiosis mein chau identical cells banti hain. Meiosis ke dauraan genetic variation hoti hai.",Biology,11
"Ma'am, chemical bonding kya hota hai?",Chemical bonding ek aisa prakriya hai jismein do ya do se adhik atoms ek saath judte hain aur ek molecule banate hain. Ismein electron ke share hone ya exchange hone se bonding hoti hai.,Chemistry,10
"Sir, what is plate tectonics theory?",Plate tectonics theory ek aisi theory hai jismein hum dharti ke saath chalne wale Patton ke bare mein padhte hain. Ismein hum yeh jaante hain ki ye Patton kaise chalte hain aur unke prabhav ko kaise dekhte hain.,Geography,12
"Ma'am, photosynthesis kya hota hai?","Photosynthesis ek aisa prakriya hai jismein paudhe surya ki roshni, carbon dioxide, aur paani ka upyog karke glucose aur oxygen banate hain. Yeh prakriya paudhon ke liye bahut mahatvapoorn hai.",Biology,10
"Sir, what is economic geography?",Economic geography ek aisa vishay hai jismein hum dharti ke saath chalne wale arthik gatividhiyon ke bare mein padhte hain. Ismein hum yeh jaante hain ki kaise arthik gatividhiyan dharti par prabhav daalti hain.,Geography,11
"Ma'am, rational numbers kya hote hain?","Rational numbers woh numbers hote hain jo p/q ke roop mein likhe ja sakte hain, jahan p aur q poorne numbers hote hain aur q shunya nahi hota. Jaise ki 3/4, 22/7 aadi.",Math,9
"Sir, what is biodiversity?",Biodiversity ek aisa vishay hai jismein hum dharti par maujood jeev-jantuon ki vividhata ke bare mein padhte hain. Ismein hum yeh jaante hain ki kaise hum jeev-jantuon ki raksha kar sakte hain.,Biology,12
"Ma'am, Newton ke teen laws kya hain?","Newton ke teen laws hain - first law (inertia), second law (force aur acceleration), aur third law (action aur reaction). Ye laws humein gati aur force ke baare mein samjhate hain.",Physics,11
"Sir, what is sedimentary rock?","Sedimentary rock ek aisa rock hai jo sediment ke jama hone se banta hai. Ye rocks pattharon ke tukdon, shell, aur anya samagriyon ke jama hone se bante hain.",Geography,10
"Ma'am, trigonometry kya hoti hai?",Trigonometry ek aisa vishay hai jismein hum tribhujon ke bare mein padhte hain. Ismein hum yeh jaante hain ki kaise hum tribhujon ke konon aur bhujaon ke bare mein ganana kar sakte hain.,Math,10
"Sir, what is ecosystem services?","Ecosystem services ek aisa vishay hai jismein hum ecosystem ke dwara pradaan kiye jaane wale upyogitaon ke bare mein padhte hain. Ismein hum yeh jaante hain ki kaise ecosystem humein oxygen, paani, aur anya upyogitaen pradaan karte hain.",Biology,12
"Ma'am, acid aur base kya hote hain?",Acid aur base ek aise rasayan hote hain jo apne pH ke aadhar par alag hote hain. Acid ka pH kam hota hai aur base ka pH adhik hota hai.,Chemistry,10
"Sir, what is map projection?",Map projection ek aisa tareeka hai jismein hum dharti ko ek plane par project karte hain. Ismein hum yeh jaante hain ki kaise hum dharti ko ek map par utaar sakte hain.,Geography,11
"Ma'am, statistics kya hoti hai?","Statistics ek aisa vishay hai jismein hum data ke bare mein padhte hain. Ismein hum yeh jaante hain ki kaise hum data ko ekatrit kar sakte hain, analys kar sakte hain, aur uske aadhar par nirnay le sakte hain.",Math,10
"Sir, what is gene expression?",Gene expression ek aisa prakriya hai jismein hum gene ke dwara pradaan kiye jaane wale nirdeshon ke bare mein padhte hain. Ismein hum yeh jaante hain ki kaise gene cell ko kya karna hai.,Biology,12
"Ma'am, what is economic system?",Economic system ek aisa vishay hai jismein hum dharti ke saath chalne wale arthik vyavasthaon ke bare mein padhte hain. Ismein hum yeh jaante hain ki kaise arthik vyavasthaen humein upyogitaen pradaan karti hain.,GK,11
